{
  "timelineObjects" : [ {
    "activitySegment" : {
      "startLocation" : {
        "latitudeE7" : 476658012,
        "longitudeE7" : -1222781102,
        "sourceInfo" : {
          "deviceTag" : -770118789
        }
      },
      "endLocation" : {
        "latitudeE7" : 476659878,
        "longitudeE7" : -1222783210,
        "sourceInfo" : {
          "deviceTag" : -770118789
        }
      },
      "duration" : {
        "startTimestampMs" : "1607022696351",
        "endTimestampMs" : "1607029343000"
      },
      "distance" : 3697,
      "activityType" : "IN_PASSENGER_VEHICLE",
      "confidence" : "HIGH",
      "activities" : [ {
        "activityType" : "IN_PASSENGER_VEHICLE",
        "probability" : 79.7320306301117
      }, {
        "activityType" : "STILL",
        "probability" : 16.56080186367035
      }, {
        "activityType" : "WALKING",
        "probability" : 2.7792563661932945
      }, {
        "activityType" : "IN_BUS",
        "probability" : 0.33122170716524124
      }, {
        "activityType" : "CYCLING",
        "probability" : 0.22828690707683563
      }, {
        "activityType" : "MOTORCYCLING",
        "probability" : 0.19869464449584484
      }, {
        "activityType" : "IN_FERRY",
        "probability" : 0.0670897017698735
      }, {
        "activityType" : "RUNNING",
        "probability" : 0.048182380851358175
      }, {
        "activityType" : "FLYING",
        "probability" : 0.033548782812431455
      }, {
        "activityType" : "SKIING",
        "probability" : 0.007389564416371286
      }, {
        "activityType" : "IN_TRAIN",
        "probability" : 0.006535724241985008
      }, {
        "activityType" : "IN_TRAM",
        "probability" : 0.0030993203836260363
      }, {
        "activityType" : "SAILING",
        "probability" : 0.0027744767066906206
      }, {
        "activityType" : "IN_SUBWAY",
        "probability" : 0.0010731689144449774
      }, {
        "activityType" : "IN_VEHICLE",
        "probability" : 1.119956607453787E-5
      } ],
      "waypointPath" : {
        "waypoints" : [ {
          "latE7" : 476658020,
          "lngE7" : -1222783889
        }, {
          "latE7" : 476612586,
          "lngE7" : -1222967529
        }, {
          "latE7" : 476629066,
          "lngE7" : -1222998733
        }, {
          "latE7" : 476633529,
          "lngE7" : -1222973022
        }, {
          "latE7" : 476642837,
          "lngE7" : -1222969970
        }, {
          "latE7" : 476659889,
          "lngE7" : -1222783889
        } ]
      },
      "simplifiedRawPath" : {
        "points" : [ {
          "latE7" : 476627769,
          "lngE7" : -1222998428,
          "timestampMs" : "1607027085000",
          "accuracyMeters" : 42
        }, {
          "latE7" : 476644516,
          "lngE7" : -1222970047,
          "timestampMs" : "1607027347000",
          "accuracyMeters" : 46
        } ]
      },
      "parkingEvent" : {
        "timestampMs" : "1607029416967",
        "location" : {
          "latitudeE7" : 476659673,
          "longitudeE7" : -1222783128,
          "accuracyMetres" : 105
        }
      }
    }
  }, {
    "placeVisit" : {
      "location" : {
        "latitudeE7" : 476658821,
        "longitudeE7" : -1222780991,
        "placeId" : "ChIJa_6v5HwTkFQRAAAAAAAAAAA",
        "address" : "",
        "semanticType" : "TYPE_HOME",
        "sourceInfo" : {
          "deviceTag" : -770118789
        },
        "locationConfidence" : 74.819565
      },
      "duration" : {
        "startTimestampMs" : "1607408985969",
        "endTimestampMs" : "1607654313356"
      },
      "placeConfidence" : "HIGH_CONFIDENCE",
      "centerLatE7" : 476658122,
      "centerLngE7" : -1222779500,
      "visitConfidence" : 90,
      "otherCandidateLocations" : [ {
        "latitudeE7" : 476658905,
        "longitudeE7" : -1222780813,
        "placeId" : "ChIJb0-z5HwTkFQRG9SFav5iTwE",
        "semanticType" : "TYPE_SEARCHED_ADDRESS",
        "locationConfidence" : 17.295525
      }, {
        "latitudeE7" : 476657503,
        "longitudeE7" : -1222781359,
        "placeId" : "ChIJ_0N343wTkFQRRCdImu9K888",
        "semanticType" : "TYPE_SEARCHED_ADDRESS",
        "locationConfidence" : 3.5814776
      }, {
        "latitudeE7" : 476628416,
        "longitudeE7" : -1222819821,
        "placeId" : "ChIJrYx10YIUkFQRXOPoZdRuFaA",
        "locationConfidence" : 0.34837788
      }, {
        "latitudeE7" : 476666061,
        "longitudeE7" : -1222829577,
        "placeId" : "ChIJkzj_kn0TkFQRd2dzVOgMlcI",
        "locationConfidence" : 0.12759322
      } ],
      "editConfirmationStatus" : "NOT_CONFIRMED"
    }
  } ]
}