{
  "timelineObjects" : [ {
    "activitySegment" : {
      "startLocation" : {
        "latitudeE7" : 476652029,
        "longitudeE7" : -1222783122,
        "sourceInfo" : {
          "deviceTag" : 633332932
        }
      },
      "endLocation" : {
        "latitudeE7" : 476583349,
        "longitudeE7" : -1222783022,
        "sourceInfo" : {
          "deviceTag" : 633332932
        }
      },
      "duration" : {
        "startTimestampMs" : "1586719168000",
        "endTimestampMs" : "1586719669657"
      },
      "distance" : 847,
      "activityType" : "WALKING",
      "confidence" : "HIGH",
      "activities" : [ {
        "activityType" : "WALKING",
        "probability" : 92.27954149246216
      }, {
        "activityType" : "IN_PASSENGER_VEHICLE",
        "probability" : 3.3720269799232483
      }, {
        "activityType" : "CYCLING",
        "probability" : 1.4691618271172047
      }, {
        "activityType" : "STILL",
        "probability" : 1.2640973553061485
      }, {
        "activityType" : "RUNNING",
        "probability" : 1.0930820368230343
      }, {
        "activityType" : "IN_BUS",
        "probability" : 0.2779124304652214
      }, {
        "activityType" : "MOTORCYCLING",
        "probability" : 0.12516624992713332
      }, {
        "activityType" : "IN_FERRY",
        "probability" : 0.043609709246084094
      }, {
        "activityType" : "SKIING",
        "probability" : 0.02260386972920969
      }, {
        "activityType" : "IN_TRAIN",
        "probability" : 0.018424331210553646
      }, {
        "activityType" : "IN_SUBWAY",
        "probability" : 0.009819597471505404
      }, {
        "activityType" : "FLYING",
        "probability" : 0.008550297934561968
      }, {
        "activityType" : "IN_TRAM",
        "probability" : 0.00839993153931573
      }, {
        "activityType" : "SAILING",
        "probability" : 0.007314388494705781
      }, {
        "activityType" : "IN_VEHICLE",
        "probability" : 2.888003564294195E-4
      } ],
      "waypointPath" : {
        "waypoints" : [ {
          "latE7" : 476652030,
          "lngE7" : -1222783355
        }, {
          "latE7" : 476606941,
          "lngE7" : -1222793655
        }, {
          "latE7" : 476598358,
          "lngE7" : -1222797012
        }, {
          "latE7" : 476584587,
          "lngE7" : -1222797470
        }, {
          "latE7" : 476583786,
          "lngE7" : -1222783050
        } ]
      },
      "simplifiedRawPath" : {
        "points" : [ {
          "latE7" : 476597519,
          "lngE7" : -1222797012,
          "timestampMs" : "1586719584978",
          "accuracyMeters" : 31
        } ]
      }
    }
  }, {
    "placeVisit" : {
      "location" : {
        "latitudeE7" : 476601159,
        "longitudeE7" : -1222779859,
        "placeId" : "ChIJ600WlZ0UkFQRVoTDEsOsL3Q",
        "address" : "4544 NE 41st St\nSeattle, WA 98105\nUSA",
        "name" : "Laurelhurst Playfield Park",
        "sourceInfo" : {
          "deviceTag" : 633332932
        },
        "locationConfidence" : 52.26492
      },
      "duration" : {
        "startTimestampMs" : "1586719669657",
        "endTimestampMs" : "1586721028744"
      },
      "placeConfidence" : "MEDIUM_CONFIDENCE",
      "childVisits" : [ {
        "location" : {
          "latitudeE7" : 476591447,
          "longitudeE7" : -1222788737,
          "placeId" : "ChIJtW7Tzp0UkFQRYkn2h8T6QAs",
          "address" : "4339 NE 42nd St\nSeattle, WA 98105\nUSA",
          "name" : "Laurelhurst Park Tennis Courts (4)",
          "sourceInfo" : {
            "deviceTag" : 633332932
          },
          "locationConfidence" : 19.693665
        },
        "duration" : {
          "startTimestampMs" : "1586719669657",
          "endTimestampMs" : "1586721028744"
        },
        "placeConfidence" : "LOW_CONFIDENCE",
        "centerLatE7" : 476579100,
        "centerLngE7" : -1222794207,
        "visitConfidence" : 88,
        "otherCandidateLocations" : [ {
          "latitudeE7" : 476591240,
          "longitudeE7" : -1222778830,
          "placeId" : "ChIJEUwXlZ0UkFQRF1oMRs0YeaI",
          "locationConfidence" : 18.315718
        }, {
          "latitudeE7" : 476593323,
          "longitudeE7" : -1222779075,
          "placeId" : "ChIJ70Gyw50UkFQRrwKTF8Hbp8g",
          "locationConfidence" : 5.246795
        }, {
          "latitudeE7" : 476585191,
          "longitudeE7" : -1222835164,
          "placeId" : "ChIJg2BXdpwUkFQRjICL4jHOZms",
          "locationConfidence" : 4.0226254
        }, {
          "latitudeE7" : 476586647,
          "longitudeE7" : -1222826460,
          "placeId" : "ChIJ_YK2DJwUkFQRgVZp7Ykn0d0",
          "locationConfidence" : 3.4923053
        }, {
          "latitudeE7" : 476197759,
          "longitudeE7" : -1222455569,
          "placeId" : "ChIJNwF6c80UkFQRF9AJ5ZwFaZA",
          "locationConfidence" : 0.5994494
        }, {
          "latitudeE7" : 476593502,
          "longitudeE7" : -1222788244,
          "placeId" : "ChIJV4l-yJ0UkFQR1QTcrB0vtp8",
          "locationConfidence" : 0.45845765
        } ],
        "editConfirmationStatus" : "NOT_CONFIRMED"
      } ],
      "centerLatE7" : 476579100,
      "centerLngE7" : -1222794207,
      "visitConfidence" : 88,
      "otherCandidateLocations" : [ {
        "latitudeE7" : 476584650,
        "longitudeE7" : -1222794366,
        "placeId" : "ChIJISPVLZwUkFQRZcJooZwcmPs",
        "locationConfidence" : 36.414585
      }, {
        "latitudeE7" : 476585191,
        "longitudeE7" : -1222835164,
        "placeId" : "ChIJg2BXdpwUkFQRjICL4jHOZms",
        "locationConfidence" : 4.3197803
      }, {
        "latitudeE7" : 476586647,
        "longitudeE7" : -1222826460,
        "placeId" : "ChIJ_YK2DJwUkFQRgVZp7Ykn0d0",
        "locationConfidence" : 3.750285
      }, {
        "latitudeE7" : 476565800,
        "longitudeE7" : -1222793037,
        "placeId" : "ChIJgx-jwJ4UkFQR384uWyzVg6E",
        "locationConfidence" : 1.1021891
      }, {
        "latitudeE7" : 476564509,
        "longitudeE7" : -1222797560,
        "placeId" : "ChIJb0Xxx54UkFQRuFC-P4R7Wjw",
        "locationConfidence" : 1.0364002
      }, {
        "latitudeE7" : 476197759,
        "longitudeE7" : -1222455569,
        "placeId" : "ChIJNwF6c80UkFQRF9AJ5ZwFaZA",
        "locationConfidence" : 0.6437313
      }, {
        "latitudeE7" : 476585998,
        "longitudeE7" : -1222830350,
        "placeId" : "ChIJpdlBcZwUkFQRq8NfTpypDZI",
        "locationConfidence" : 0.46267766
      } ],
      "editConfirmationStatus" : "NOT_CONFIRMED",
      "simplifiedRawPath" : {
        "points" : [ {
          "latE7" : 476576749,
          "lngE7" : -1222795979,
          "timestampMs" : "1586720028001",
          "accuracyMeters" : 17
        }, {
          "latE7" : 476584278,
          "lngE7" : -1222796054,
          "timestampMs" : "1586720917720",
          "accuracyMeters" : 17
        }, {
          "latE7" : 476584036,
          "lngE7" : -1222785479,
          "timestampMs" : "1586721006687",
          "accuracyMeters" : 59
        } ]
      }
    }
  }, {
    "activitySegment" : {
      "startLocation" : {
        "latitudeE7" : 476586068,
        "longitudeE7" : -1222794785,
        "sourceInfo" : {
          "deviceTag" : 633332932
        }
      },
      "endLocation" : {
        "latitudeE7" : 476649144,
        "longitudeE7" : -1222783290,
        "sourceInfo" : {
          "deviceTag" : 633332932
        }
      },
      "duration" : {
        "startTimestampMs" : "1586721028744",
        "endTimestampMs" : "1586721418441"
      },
      "distance" : 745,
      "activityType" : "WALKING",
      "confidence" : "HIGH",
      "activities" : [ {
        "activityType" : "WALKING",
        "probability" : 90.72825908660889
      }, {
        "activityType" : "RUNNING",
        "probability" : 4.246019944548607
      }, {
        "activityType" : "IN_PASSENGER_VEHICLE",
        "probability" : 2.4740949273109436
      }, {
        "activityType" : "CYCLING",
        "probability" : 1.1727064847946167
      }, {
        "activityType" : "STILL",
        "probability" : 0.689310347661376
      }, {
        "activityType" : "IN_BUS",
        "probability" : 0.34248854499310255
      }, {
        "activityType" : "IN_FERRY",
        "probability" : 0.15378465177491307
      }, {
        "activityType" : "MOTORCYCLING",
        "probability" : 0.04724323516711593
      }, {
        "activityType" : "SKIING",
        "probability" : 0.04692611692007631
      }, {
        "activityType" : "FLYING",
        "probability" : 0.03859512507915497
      }, {
        "activityType" : "IN_TRAIN",
        "probability" : 0.018909007485490292
      }, {
        "activityType" : "IN_TRAM",
        "probability" : 0.017465984274167567
      }, {
        "activityType" : "SAILING",
        "probability" : 0.015092409739736468
      }, {
        "activityType" : "IN_SUBWAY",
        "probability" : 0.008758067269809544
      }, {
        "activityType" : "IN_VEHICLE",
        "probability" : 3.4729716844594805E-4
      } ],
      "waypointPath" : {
        "waypoints" : [ {
          "latE7" : 476586074,
          "lngE7" : -1222794265
        }, {
          "latE7" : 476606941,
          "lngE7" : -1222793655
        }, {
          "latE7" : 476649093,
          "lngE7" : -1222783279
        } ]
      }
    }
  }, {
    "placeVisit" : {
      "location" : {
        "latitudeE7" : 476658821,
        "longitudeE7" : -1222780991,
        "placeId" : "ChIJa_6v5HwTkFQRAAAAAAAAAAA",
        "address" : "",
        "semanticType" : "TYPE_HOME",
        "sourceInfo" : {
          "deviceTag" : 633332932
        },
        "locationConfidence" : 79.20119
      },
      "duration" : {
        "startTimestampMs" : "1586721418441",
        "endTimestampMs" : "1587949076325"
      },
      "placeConfidence" : "HIGH_CONFIDENCE",
      "centerLatE7" : 476658993,
      "centerLngE7" : -1222780866,
      "visitConfidence" : 91,
      "otherCandidateLocations" : [ {
        "latitudeE7" : 476658905,
        "longitudeE7" : -1222780813,
        "placeId" : "ChIJb0-z5HwTkFQRG9SFav5iTwE",
        "semanticType" : "TYPE_SEARCHED_ADDRESS",
        "locationConfidence" : 18.15497
      }, {
        "latitudeE7" : 476657460,
        "longitudeE7" : -1222780840,
        "placeId" : "ChIJQ4p343wTkFQRRCdImu9K888",
        "semanticType" : "TYPE_SEARCHED_ADDRESS",
        "locationConfidence" : 2.3186672
      }, {
        "latitudeE7" : 476622253,
        "longitudeE7" : -1222805438,
        "placeId" : "ChIJrYx10YIUkFQRXOPoZdRuFaA",
        "locationConfidence" : 0.070576675
      }, {
        "latitudeE7" : 476632309,
        "longitudeE7" : -1222771569,
        "placeId" : "ChIJdfshxGITkFQR_kdd13mzCT8",
        "locationConfidence" : 0.057383657
      } ],
      "editConfirmationStatus" : "NOT_CONFIRMED"
    }
  }, {
    "activitySegment" : {
      "startLocation" : {
        "latitudeE7" : 476658110,
        "longitudeE7" : -1222781828,
        "sourceInfo" : {
          "deviceTag" : 633332932
        }
      },
      "endLocation" : {
        "latitudeE7" : 476715418,
        "longitudeE7" : -1222645342,
        "sourceInfo" : {
          "deviceTag" : 633332932
        }
      },
      "duration" : {
        "startTimestampMs" : "1587949076325",
        "endTimestampMs" : "1587949256764"
      },
      "distance" : 1240,
      "activityType" : "IN_PASSENGER_VEHICLE",
      "confidence" : "HIGH",
      "activities" : [ {
        "activityType" : "IN_PASSENGER_VEHICLE",
        "probability" : 84.94471907615662
      }, {
        "activityType" : "WALKING",
        "probability" : 9.964072704315186
      }, {
        "activityType" : "MOTORCYCLING",
        "probability" : 3.608078882098198
      }, {
        "activityType" : "IN_BUS",
        "probability" : 0.4471507854759693
      }, {
        "activityType" : "STILL",
        "probability" : 0.3765102243050933
      }, {
        "activityType" : "CYCLING",
        "probability" : 0.36895847879350185
      }, {
        "activityType" : "RUNNING",
        "probability" : 0.1527304877527058
      }, {
        "activityType" : "FLYING",
        "probability" : 0.07640161784365773
      }, {
        "activityType" : "IN_TRAIN",
        "probability" : 0.0266959861619398
      }, {
        "activityType" : "IN_FERRY",
        "probability" : 0.018328626174479723
      }, {
        "activityType" : "IN_SUBWAY",
        "probability" : 0.010668766481103376
      }, {
        "activityType" : "SAILING",
        "probability" : 0.002550887620600406
      }, {
        "activityType" : "SKIING",
        "probability" : 0.0021725520127802156
      }, {
        "activityType" : "IN_TRAM",
        "probability" : 8.89736747922143E-4
      }, {
        "activityType" : "IN_VEHICLE",
        "probability" : 7.335557938858983E-5
      } ],
      "waypointPath" : {
        "waypoints" : [ {
          "latE7" : 476658096,
          "lngE7" : -1222783889
        }, {
          "latE7" : 476683464,
          "lngE7" : -1222769241
        }, {
          "latE7" : 476715431,
          "lngE7" : -1222645721
        } ]
      },
      "parkingEvent" : {
        "timestampMs" : "1587949352932",
        "location" : {
          "latitudeE7" : 476719275,
          "longitudeE7" : -1222648663,
          "accuracyMetres" : 97
        }
      }
    }
  }, {
    "placeVisit" : {
      "location" : {
        "latitudeE7" : 476719090,
        "longitudeE7" : -1222652110,
        "placeId" : "ChIJw_sVFXETkFQREJ1WeqIYE1c",
        "address" : "5719 NE 60th St\nSeattle, WA 98115\nUSA",
        "name" : "5719 NE 60th St",
        "sourceInfo" : {
          "deviceTag" : 633332932
        },
        "locationConfidence" : 63.396233
      },
      "duration" : {
        "startTimestampMs" : "1587949256764",
        "endTimestampMs" : "1587956154379"
      },
      "placeConfidence" : "MEDIUM_CONFIDENCE",
      "centerLatE7" : 476720105,
      "centerLngE7" : -1222649488,
      "visitConfidence" : 83,
      "otherCandidateLocations" : [ {
        "latitudeE7" : 476738285,
        "longitudeE7" : -1222652322,
        "placeId" : "ChIJY_LIrnYTkFQRMKaNCkWwIfk",
        "locationConfidence" : 8.648709
      }, {
        "latitudeE7" : 476729889,
        "longitudeE7" : -1222666630,
        "placeId" : "ChIJ62vbynYTkFQRI1JXoHcTKKE",
        "locationConfidence" : 8.329273
      }, {
        "latitudeE7" : 476741190,
        "longitudeE7" : -1222648180,
        "placeId" : "ChIJAanKL9gRkFQRhLmH8LU7X-w",
        "locationConfidence" : 7.015332
      }, {
        "latitudeE7" : 476722569,
        "longitudeE7" : -1222650213,
        "placeId" : "ChIJhyt0QXETkFQRmc7JRacbcNc",
        "locationConfidence" : 2.7650158
      }, {
        "latitudeE7" : 476741012,
        "longitudeE7" : -1222641971,
        "placeId" : "ChIJN0ucD3QTkFQROjE_0u9eLsw",
        "locationConfidence" : 2.4931154
      }, {
        "latitudeE7" : 476719500,
        "longitudeE7" : -1222648810,
        "placeId" : "ChIJ90L9anETkFQRecRsVTfarHo",
        "locationConfidence" : 2.3238723
      }, {
        "latitudeE7" : 476722729,
        "longitudeE7" : -1222650148,
        "placeId" : "ChIJh8NwQXETkFQRemu9xGfqIvI",
        "locationConfidence" : 2.2327914
      }, {
        "latitudeE7" : 476736374,
        "longitudeE7" : -1222662510,
        "placeId" : "ChIJUw1BsHYTkFQRyIkxDM0t2L0",
        "locationConfidence" : 2.1827252
      } ],
      "editConfirmationStatus" : "NOT_CONFIRMED"
    }
  }, {
    "activitySegment" : {
      "startLocation" : {
        "latitudeE7" : 476714290,
        "longitudeE7" : -1222651557,
        "sourceInfo" : {
          "deviceTag" : 633332932
        }
      },
      "endLocation" : {
        "latitudeE7" : 476658752,
        "longitudeE7" : -1222780794,
        "sourceInfo" : {
          "deviceTag" : 633332932
        }
      },
      "duration" : {
        "startTimestampMs" : "1587956154379",
        "endTimestampMs" : "1587956396806"
      },
      "distance" : 1251,
      "activityType" : "IN_PASSENGER_VEHICLE",
      "confidence" : "HIGH",
      "activities" : [ {
        "activityType" : "IN_PASSENGER_VEHICLE",
        "probability" : 93.40760707855225
      }, {
        "activityType" : "WALKING",
        "probability" : 5.384068563580513
      }, {
        "activityType" : "CYCLING",
        "probability" : 0.45826565474271774
      }, {
        "activityType" : "MOTORCYCLING",
        "probability" : 0.304239708930254
      }, {
        "activityType" : "RUNNING",
        "probability" : 0.15606230590492487
      }, {
        "activityType" : "STILL",
        "probability" : 0.1382666639983654
      }, {
        "activityType" : "IN_BUS",
        "probability" : 0.04725873004645109
      }, {
        "activityType" : "IN_FERRY",
        "probability" : 0.038572802441194654
      }, {
        "activityType" : "FLYING",
        "probability" : 0.031414354452863336
      }, {
        "activityType" : "SAILING",
        "probability" : 0.0117326075269375
      }, {
        "activityType" : "IN_TRAIN",
        "probability" : 0.011567138426471502
      }, {
        "activityType" : "SKIING",
        "probability" : 0.0055937103752512485
      }, {
        "activityType" : "IN_TRAM",
        "probability" : 0.004569161683320999
      }, {
        "activityType" : "IN_SUBWAY",
        "probability" : 7.794604243827052E-4
      }, {
        "activityType" : "IN_VEHICLE",
        "probability" : 7.39099377256025E-6
      } ],
      "waypointPath" : {
        "waypoints" : [ {
          "latE7" : 476714210,
          "lngE7" : -1222651519
        }, {
          "latE7" : 476684532,
          "lngE7" : -1222771530
        }, {
          "latE7" : 476658744,
          "lngE7" : -1222783889
        } ]
      },
      "parkingEvent" : {
        "timestampMs" : "1587956516626",
        "location" : {
          "latitudeE7" : 476658843,
          "longitudeE7" : -1222780773,
          "accuracyMetres" : 77
        }
      }
    }
  }, {
    "placeVisit" : {
      "location" : {
        "latitudeE7" : 476658821,
        "longitudeE7" : -1222780991,
        "placeId" : "ChIJa_6v5HwTkFQRAAAAAAAAAAA",
        "address" : "",
        "semanticType" : "TYPE_HOME",
        "sourceInfo" : {
          "deviceTag" : 633332932
        },
        "locationConfidence" : 81.59495
      },
      "duration" : {
        "startTimestampMs" : "1587956396806",
        "endTimestampMs" : "1588359812808"
      },
      "placeConfidence" : "HIGH_CONFIDENCE",
      "centerLatE7" : 476659065,
      "centerLngE7" : -1222780930,
      "visitConfidence" : 88,
      "otherCandidateLocations" : [ {
        "latitudeE7" : 476658905,
        "longitudeE7" : -1222780813,
        "placeId" : "ChIJb0-z5HwTkFQRG9SFav5iTwE",
        "semanticType" : "TYPE_SEARCHED_ADDRESS",
        "locationConfidence" : 16.386242
      }, {
        "latitudeE7" : 476657460,
        "longitudeE7" : -1222780840,
        "placeId" : "ChIJQ4p343wTkFQRRCdImu9K888",
        "semanticType" : "TYPE_SEARCHED_ADDRESS",
        "locationConfidence" : 1.8434061
      }, {
        "latitudeE7" : 476622253,
        "longitudeE7" : -1222805438,
        "placeId" : "ChIJrYx10YIUkFQRXOPoZdRuFaA",
        "locationConfidence" : 0.040267557
      }, {
        "latitudeE7" : 476632309,
        "longitudeE7" : -1222771569,
        "placeId" : "ChIJdfshxGITkFQR_kdd13mzCT8",
        "locationConfidence" : 0.037907645
      } ],
      "editConfirmationStatus" : "NOT_CONFIRMED"
    }
  } ]
}